Accel_ax,Accel_ay,Accel_az
0.221134,5.278786,-4.714457
-0.388611,-0.305732,9.762767
2.010081,13.360514,-0.527150
-2.083637,-5.253597,17.585684
-0.752942,9.072480,1.691445
-0.261167,-6.769192,16.781425
2.860000,5.692300,13.121727
-0.394254,0.345662,8.754256
-1.128504,5.331911,11.175291
-0.067816,0.803646,8.144634
-0.086822,3.058655,10.334771
0.330028,0.886884,8.862586
-0.199128,1.810282,9.668246
-0.334229,1.178808,9.380837
-0.926482,1.537427,9.461290
-0.786225,0.790131,10.258534
-0.239869,0.201614,2.759297
-1.788478,3.946276,12.701965
0.390995,-5.593444,-0.230525
-3.356048,4.629627,9.586658
-0.075597,-12.275224,0.638193
-0.378979,9.643195,9.157636
3.449285,-13.551034,2.898938
1.654580,6.679062,6.998122
1.442828,-8.458148,12.343081
0.152713,-0.391381,6.243639
-1.784833,-6.686857,10.697801
0.459097,-0.116938,12.009315
-2.830383,-3.857398,7.107380
0.943486,-0.480135,12.290066
-0.357611,-1.524533,9.804173
0.187968,0.327317,9.504787
-0.253590,0.097894,9.858898
-0.067435,1.205547,9.526663
-1.705075,-0.587455,14.622837
-1.719744,1.432755,5.996317
0.144587,2.134417,6.988575
-0.321961,-3.176348,13.368370
0.155629,7.435537,5.769359
-0.647652,-6.841752,9.251216
0.509412,3.906045,0.997617
-4.769335,-3.370617,13.480962
1.204011,5.953011,5.189549
-2.936050,-3.021236,13.943055
3.548252,4.433527,11.859664
0.618715,0.415418,11.940129
-5.924651,6.245972,9.748110
5.118880,2.411655,19.853506
-6.173312,3.351939,5.386162
4.167819,2.044538,16.242653
-1.365406,2.461102,5.827489
0.871496,1.269411,9.776777
-0.119476,2.002028,9.743221
3.876977,0.238791,6.349015
-0.541546,3.397817,13.542262
-1.716789,-1.970068,3.369564
0.452158,-0.837908,11.036573
1.007246,-1.192145,4.125644
-1.060399,-7.191475,7.061337
0.097410,-0.029246,9.832550
1.574654,-10.215348,9.140473
0.272952,9.106300,8.240829
-1.461984,-9.962184,2.658492
-1.872594,8.708013,19.005751
-1.812486,-3.574788,11.437405
-1.169159,1.385634,7.214964
-4.926758,-3.970306,7.630691
6.690127,-1.635728,19.008547
-6.018163,-3.135945,5.847949
6.752567,-1.813218,17.841455
-0.567301,-1.998128,5.521707
1.399063,-2.400995,12.139559
0.329077,0.401414,9.551556
4.505918,0.811918,8.488094
1.591613,-0.025259,11.121500
-0.199825,3.855812,3.517718
1.736585,0.322364,11.153542
0.812508,-0.238924,5.244059
-0.959377,6.538685,7.535018
0.862479,-6.558922,10.871757
-0.559748,8.472985,5.880924
1.213798,-7.836930,17.147844
-2.471844,5.938553,6.929194
-1.150724,-5.917350,15.030525
-2.821443,9.554007,21.534885
-1.180171,0.669774,10.827229
-8.909444,6.503297,9.337572
7.233690,2.729900,20.602251
-5.629286,4.123891,4.561370
6.142428,1.846351,17.725786
-1.424668,2.496977,5.426597
2.008972,1.148971,10.867369
0.414744,1.897009,9.144237
3.954796,-1.409275,8.205592
-0.604214,0.174969,14.290027
-1.062743,-3.726767,3.063043
1.627855,-0.467196,11.737004
-0.164111,-4.690923,7.560606
0.147045,-9.910416,3.622227
-1.264423,-0.369021,7.639457
-2.241941,-11.273298,13.111918
-2.010500,7.920897,16.653608
-1.308131,-8.509739,1.474012
-3.488365,6.183346,15.911625
-0.784918,-3.914282,6.389781
-0.615772,-0.137861,5.828418
-5.855556,-3.763557,10.263967
7.160243,-2.554168,22.312601
-5.313656,-2.013320,6.173951
5.984814,-4.065745,18.723183
-0.317806,-0.392500,5.633642
1.174193,-3.454575,13.150683
0.449948,-1.574296,8.848132
4.309559,-0.831061,7.104576
-0.875427,-3.134160,13.699820
-0.503763,-2.059538,1.735545
1.039387,1.830376,12.625297
2.404678,1.550968,3.397425
-0.321905,6.140200,7.363254
1.884685,-1.737799,9.831609
-1.444287,10.562107,18.186337
-0.396106,-8.165429,5.255212
-1.175377,6.340323,2.155180
-1.298046,-7.489890,15.489308
-0.754126,1.335771,10.124018
-0.295297,5.522595,7.974397
-5.158615,4.684045,9.395873
8.977964,0.509806,18.486652
-6.529256,3.353654,6.241744
5.413356,1.336057,17.980644
-0.804356,2.110061,4.928939
2.249926,1.297851,11.531590
0.153788,-0.294524,9.238832
4.783024,-1.468387,8.077138
0.770167,0.026915,12.987329
0.349673,-4.430872,1.501221
1.874341,-1.755687,11.203039
-0.016261,-3.624058,8.554031
-0.459341,-8.028548,2.218181
-2.902615,3.885237,8.965635
-1.892943,-14.348342,3.071817
-1.915290,7.646404,14.801680
-1.633681,-9.851895,0.668243
-2.139365,11.645896,20.407312
-0.596834,-4.779833,5.996562
-1.385268,-0.232355,8.458510
-6.303134,-2.573787,8.797856
8.161112,0.165721,16.275259
-4.468108,-2.010149,4.920795
5.282660,-3.249517,20.308050
-0.089430,-1.659176,6.233867
0.937925,-3.182163,12.778455
0.177918,-1.643934,9.003303
2.621492,-0.616122,7.701530
1.062275,-4.005449,12.294727
-0.488322,-2.498969,5.487887
1.910325,2.347728,8.776353
-0.731618,-3.634050,4.892394
-0.391096,6.352987,4.088634
-1.837829,-7.082129,7.955662
3.393653,9.450372,11.438827
-3.796819,-11.169031,4.565248
1.041750,10.120111,13.510698
-1.070699,-3.832561,1.586690
-1.731064,7.326909,14.583851
-2.773872,-0.354038,9.712834
-7.276255,6.615409,7.185854
7.872508,1.109541,19.526411
-6.980534,1.043257,5.983835
6.610873,-0.124096,18.990564
-2.103229,0.921191,7.767926
3.626458,-1.002275,11.354088
0.335799,-0.141566,8.841549
5.513858,-1.010447,7.658889
-0.257112,0.068264,13.425658
-1.185849,-4.258798,2.792107
0.182510,-0.421465,9.044351
-1.239025,-3.632122,9.100179
-0.129555,-6.677353,3.174009
-2.108551,4.718374,16.762861
-2.306833,-12.911093,4.358531
-1.670708,8.596785,15.967702
-1.326498,-10.552585,1.490420
-2.824166,5.858076,16.365461
-1.048069,-5.210819,4.591180
0.106603,-1.697407,3.960951
-6.563187,-3.383204,9.324770
7.089715,-3.879665,18.837549
-4.085747,1.059649,4.747044
6.527896,-4.402642,20.102072
0.046074,0.712093,5.285032
1.051755,-3.166872,13.438937
0.557724,-1.490003,8.400613
3.603556,-0.706710,7.810384
-1.099342,-3.777259,12.916183
0.283042,-2.698526,3.347171
2.531641,4.920144,10.983419
1.826109,-1.338012,1.914696
-1.097883,6.171230,10.435164
1.365802,-1.377039,7.049785
-0.394705,9.407028,14.945674
-0.161594,-9.068526,6.821309
0.647352,8.886649,4.721741
-1.809432,-5.115930,15.201900
-1.458047,4.284397,10.687267
-0.265172,-1.318197,9.694203
-4.275786,5.522482,8.821915
6.416215,0.909823,18.158712
-5.385721,3.380250,5.913251
6.018754,1.233326,18.216257
-0.483081,2.687758,5.796707
1.578299,1.426926,12.186565
0.100700,-0.419668,8.952226
2.511779,-1.645598,8.421067
0.226770,0.232673,13.102981
0.172327,-4.736134,1.480232
2.533757,-1.450122,11.057347
0.291226,-3.122033,7.269094
-0.098252,-8.166554,2.307527
0.435173,5.982785,12.456845
-2.479802,-14.073395,5.255568
-2.227648,6.419018,14.238113
-1.347236,-10.086179,0.566723
-2.379944,7.382913,17.815466
-0.302143,-4.085763,6.579744
-1.184480,-3.479281,8.081709
-7.018401,-3.246083,8.837700
7.352185,-0.873602,18.512449
-5.505147,-2.680205,5.736574
5.093488,-2.787066,20.176342
-0.249284,-1.573347,6.014418
1.097210,-3.070044,12.770803
0.310394,-1.376845,8.929962
4.332037,-0.861489,6.995738
0.180523,-3.761044,12.711785
0.635290,-2.833373,3.584019
2.380150,2.772112,8.045897
-0.558045,-3.473347,3.452093
-0.324827,5.543182,4.136709
-1.927424,-6.783978,10.403510
2.955673,6.903290,8.035606
-0.494858,-7.167138,5.771874
1.362335,10.887445,12.976892
0.955720,-7.556220,5.045809
-1.966924,7.480600,15.731149
-1.191517,-1.048693,9.850473
-7.111666,6.093476,7.287369
8.426688,0.099933,17.859451
-6.686161,2.541059,6.443377
6.765060,-0.476882,17.707819
-2.139606,1.218466,7.936592
3.629899,-0.992087,10.818927
0.045097,-0.207564,9.455188
3.152005,-1.519854,8.326399
0.442355,0.094634,13.642426
-0.206518,-4.202642,1.948684
0.209645,-2.383945,5.835671
-2.358564,-3.616584,13.504834
-0.185750,-4.301068,3.023494
1.888777,2.462689,13.332617
-2.450499,-12.850723,6.266328
-1.384422,9.890436,16.380274
-1.033460,-10.253888,1.369428
-3.137446,7.024946,17.294548
-0.834762,-4.443348,6.154003
0.315963,-0.355798,4.276227
-2.426420,-2.391700,11.138899
9.246732,-2.713694,23.159271
-6.743173,0.880659,5.096201
3.784365,-4.861192,20.892109
-0.242533,1.550792,4.510840
1.596000,-2.794773,12.640846
0.392959,-1.659954,8.883582
3.068949,-0.585907,8.275908
-0.075217,-3.820960,12.191180
0.464373,-2.808053,3.588639
2.407351,2.564659,8.022579
-0.657336,-3.915066,4.801112
-0.359749,5.926379,4.387886
-2.091358,-6.003146,11.570834
1.873962,5.761875,10.193474
-2.105071,-4.856197,7.703977
1.443552,7.151004,16.191753
-0.506437,-4.467486,1.658758
-1.820736,7.207868,15.343198
-2.500989,-0.963544,10.239408
-6.453525,4.901547,9.058721
7.809622,0.750871,18.196951
-6.709372,0.310084,6.555099
7.286808,0.538253,19.044645
-3.477065,0.634499,7.652910
3.031857,-1.185064,10.831543
0.306456,0.043723,9.080553
4.513020,-1.361519,8.225023
0.109446,0.018301,13.233659
-0.690984,-3.950062,2.074175
-1.021302,-1.122646,7.111152
-2.201334,-3.180187,10.837134
-0.070644,-7.378598,3.634276
2.446229,4.267778,13.292661
-2.628409,-13.614782,4.857175
-0.730480,9.658859,16.512428
-1.364436,-10.001678,1.140811
-3.057676,6.948936,16.347801
-0.797635,-4.490242,5.343374
0.729232,0.785654,4.143486
-5.032237,-0.948570,6.663105
6.966378,-3.872133,22.649019
-3.486152,1.314425,5.984334
5.882495,-5.519369,18.890707
0.152597,0.291818,5.500542
1.780309,-2.593725,12.475770
0.537656,-1.354710,8.794333
2.969301,-0.589469,7.909991
0.284154,-3.772823,11.889044
-0.629638,-2.689403,5.620179
2.135504,4.170716,12.591262
2.293515,0.060737,2.767914
-1.423293,5.032175,9.819757
1.754249,-1.158138,7.435655
0.018556,10.256576,12.860847
1.835813,-13.012624,10.342456
0.722426,6.996666,8.431443
-3.411921,-5.680840,14.688621
-1.937922,2.074365,10.566859
-2.398547,0.729150,10.123990
-4.960235,4.813951,8.929294
7.469330,0.709219,16.789074
-5.954230,3.730331,6.657414
5.744684,1.644264,20.836334
0.087651,2.613424,6.614929
1.281566,1.712268,13.176997
-0.211276,-0.144908,9.108398
2.560081,-1.036525,8.551783
0.015476,-0.191239,12.713566
-1.191034,-4.425847,3.353848
1.576491,-1.086994,11.379456
0.262595,-0.905451,6.938338
0.224466,-9.008122,4.480938
-2.497402,6.069228,8.315161
-0.480002,-16.648808,0.106107
-1.181147,7.875029,18.097103
-1.140016,-10.160140,1.602597
-2.648695,7.941621,17.772312
-0.472583,-4.690961,5.737562
-0.028045,-0.074559,11.704647
-5.635362,-2.854473,9.486184
7.711978,-2.072880,18.684124
-5.675528,-2.314234,5.894204
5.485027,-4.544080,20.722345
-0.157436,-1.031532,6.119528
1.261630,-3.346378,13.019036
0.291540,-1.702931,9.059731
4.299094,-0.799975,6.806256
0.188324,-3.791750,12.364740
0.367412,-3.004245,3.529140
2.410139,2.028440,8.130692
-0.685036,-4.038196,4.910136
-0.100071,9.001519,11.431402
1.176460,-3.750208,8.574797
-0.421056,6.109744,11.997400
0.921791,-4.665998,2.984396
-0.165912,9.893727,-0.090597
-1.908511,-4.306441,7.190321
-1.273789,6.715734,13.314986
-0.582635,-1.789296,8.631618
-7.943447,4.736082,6.962726
9.205854,-0.905947,18.935196
-6.003109,0.421437,5.287498
6.379507,0.408349,16.232258
-2.796069,1.117753,8.449237
3.517959,-0.736494,10.696237
0.171253,-0.108460,9.429026
2.379056,-1.298103,9.137367
-0.611457,-0.058081,13.736880
0.436282,-3.846340,1.420664
2.154231,1.537283,11.814663
-0.396029,0.139941,9.327371
0.488619,-6.924558,3.711324
-1.305462,5.684417,12.445831
-0.478997,-16.977774,0.202269
-2.609395,9.762364,15.712653
-1.188735,-9.435439,1.763016
-3.161757,5.913697,16.875847
-1.521429,-3.336336,13.652085
-1.506861,0.283473,8.719634
-8.801676,-5.141674,9.574846
7.126583,-1.709721,18.987757
-6.088543,-3.114049,6.173249
4.583909,-3.396066,21.218620
-0.327570,-0.982678,5.107813
1.138111,-3.094991,12.571221
0.440179,-1.693893,9.045985
1.906357,-0.649110,8.714051
1.049056,-4.152445,12.380663
-0.267114,-2.224191,5.063518
2.558303,2.784765,8.416870
-0.576122,-4.709178,-0.427199
-1.257232,4.973623,12.266791
1.852816,0.092693,8.610164
-0.865110,6.917278,17.223759
0.016271,-5.994658,0.510914
-4.267148,6.856480,13.551892
0.079613,-8.104255,10.275774
1.027352,0.429392,7.807777
-0.203324,-4.704074,9.453787
-5.703410,4.977425,9.149749
7.826044,1.001863,20.117804
-5.428545,2.166238,4.871597
7.124007,2.026717,18.566441
-2.317658,0.966413,7.902895
2.314515,0.083654,10.914965
0.012898,0.008092,9.500085
3.246474,-1.242900,8.543418
1.244166,0.840357,13.365541
-0.681475,-3.284690,2.951635
2.240600,0.265745,10.885395
-0.513691,3.806667,4.177056
-0.241891,-6.259155,7.149974
-1.824932,6.848207,13.200387
-0.042027,-13.141138,1.569767
1.963985,10.651278,16.361004
-0.949244,-11.379675,1.442033
-2.365891,9.164640,16.721855
-1.377641,-10.561668,13.538775
-1.617219,-1.474757,8.986652
-8.771954,-5.967403,9.315830
7.633706,-1.912033,17.325672
-6.058222,-3.521046,5.950892
4.827344,-2.831320,18.259897
0.010171,-2.235846,6.258805
1.244797,-3.164160,13.184489
0.397245,-1.671165,8.794873
4.071110,0.334783,7.957672
-0.304059,-0.416080,12.668186
0.217238,4.302155,2.789943
1.761679,1.076210,11.225316
2.647588,2.954010,5.338634
-1.153895,4.857472,8.662704
0.376820,-0.782440,12.910020
-1.930077,7.339137,12.626591
0.596734,-8.904237,6.716048
1.086478,6.770548,3.111676
0.137498,-8.448545,19.000942
-1.081268,1.339726,8.715762
0.467965,0.455320,9.302440
-4.902978,5.907809,11.042797
10.004113,1.261068,17.023392
-6.069824,3.174844,5.618226
6.099347,2.436172,20.570778
-0.887346,2.334755,5.163992
2.103613,1.592733,11.819199
0.112536,1.700885,8.934049
3.982924,-0.620181,7.713120
0.915210,0.492942,14.748274
0.317418,-4.281543,1.886998
1.976027,-1.124335,11.505360
-0.839556,-4.193780,9.927712
-0.733792,-9.219752,2.656492
0.335611,0.228565,11.010126
-2.959535,-13.907125,8.733462
-1.513612,9.782284,14.558436
-1.119729,-10.029609,1.275408
-2.052597,7.178900,19.055225
-1.432283,-6.442470,3.973353
-0.439049,-0.330947,7.642659
-4.183755,-2.773055,9.863692
8.412186,-4.307930,17.585649
-5.689630,-0.171377,5.869555
4.926361,-5.779310,21.478458
-0.023424,0.279334,5.475078
1.230902,-3.008531,12.118914
-0.041393,-1.406569,8.996128
2.492226,-0.737053,8.194045
1.474961,-3.795266,12.400220
0.623185,-2.607122,3.448849
1.742561,3.681214,11.768545
1.191120,-2.988517,5.904655
-1.028296,3.616970,10.141754
2.456610,-1.223378,7.610510
1.116130,5.815063,10.737589
-0.007301,-8.464197,4.219645
-3.184991,9.430541,4.229300
-1.819269,-6.349631,9.114182
-1.455835,1.063447,11.055978
-2.717854,2.566061,8.835423
-6.853320,2.943118,8.315342
8.028257,-0.026784,21.440523
-5.084412,2.649121,4.685005
6.853110,0.562238,20.537745
-1.641816,0.660873,6.638204
2.224619,0.562331,11.357878
0.030855,-0.166636,9.607024
4.261972,-1.664436,7.418869
1.201327,0.531359,13.460561
-0.024764,-3.985507,2.104404
1.899670,-0.372272,12.173955
-0.143912,1.275696,3.553134
-1.217162,-8.035343,6.473233
-2.310812,7.209737,8.315018
-0.272853,-15.691948,-0.392464
-2.202018,8.198537,15.527649
-1.712958,-8.855526,0.692395
-2.405963,6.530389,17.564342
-1.654029,-10.607873,15.773639
-1.996998,-1.525692,10.093688
-11.134429,-6.884708,9.630341
7.141360,-2.198277,18.509445
-5.018920,-2.644872,5.245264
4.772913,-4.098706,19.884743
0.534543,-0.792390,5.895922
1.477342,-3.839977,12.938491
-0.046575,-1.613033,9.024329
2.638021,-0.517265,7.662528
2.095549,-4.180284,11.356796
0.646839,-1.670268,2.358728
1.949490,2.940770,11.075830
0.938850,1.269147,3.811043
-0.828665,7.104431,7.976548
-0.220014,-3.536423,5.052882
-1.402958,6.072150,16.242163
1.822180,-7.305212,9.976389
-0.224959,12.615097,0.610640
-0.165522,-7.363871,17.671709
-0.916485,5.710482,7.140645
-0.222827,0.591808,11.350654
-3.427830,4.622043,9.534011
9.387046,0.147609,16.058929
-6.295787,2.479293,6.314670
5.622733,1.033647,18.308130
-1.044314,1.845650,4.882475
1.505976,1.252700,12.565008
-0.029508,1.693773,9.300197
2.105421,-2.093273,7.772642
0.847351,0.799699,12.522799
-0.636232,-4.740787,3.156804
2.151171,-1.660625,11.118365
-0.290001,-3.866598,8.218108
-0.679659,-8.061679,2.760369
1.039118,1.914090,5.368125
-1.871146,-11.813351,8.294354
-1.447767,8.654207,14.751231
-0.978204,-8.943045,1.325597
-3.177907,6.943681,15.995476
-3.703572,-3.188469,0.628019
0.083998,0.210070,6.049420
-4.417226,-3.449212,9.278278
7.120165,-3.651536,20.596905
-4.543878,0.217763,4.998618
5.367308,-5.382415,20.599060
0.458759,0.196555,5.572694
1.443582,-3.813109,11.665110
-0.194390,-1.120002,9.422988
3.761333,-1.060800,7.429249
1.069119,-2.243576,13.483184
2.612479,1.337492,-0.039014
2.264883,1.686578,12.803316
2.030387,-0.702203,4.868436
-0.795913,5.406616,7.519138
-0.642708,-2.389798,11.160359
-1.754858,10.598600,14.472531
1.641116,-10.009964,9.278936
-1.041878,9.531436,3.446930
-1.084492,-7.416481,19.130144
-0.475403,6.455296,17.787151
-1.195032,0.711832,8.625836
-5.685286,7.572707,11.150912
9.077444,2.913388,19.293041
-6.494742,3.020369,5.515364
5.646410,1.420243,18.224909
-0.838479,1.249530,5.003533
1.084380,0.823485,13.795318
-0.101232,-0.043924,9.591996
3.236464,-3.153300,8.520523
0.666389,0.470583,10.804747
-0.545722,-4.926279,3.888540
1.838974,-1.369306,11.181712
0.017294,-2.963737,7.209716
-0.611796,-8.583488,1.229616
-1.702764,3.058284,15.853842
-0.996297,-16.366575,0.727806
-0.961660,9.162502,16.677162
-0.937822,-7.894293,2.194954
-2.013953,8.534981,21.724792
-0.708573,-5.508351,7.725967
-1.559597,1.464128,14.107612
-5.043618,-2.485316,8.456237
7.558681,-1.304374,18.061527
-6.068104,-2.540673,5.551663
5.557282,-4.643350,19.862377
-0.424278,-0.832006,6.793880
2.018479,-4.629483,11.726464
-0.200249,-1.364239,10.258086
3.003599,-1.972775,8.540357
0.300904,-2.923793,10.822162
0.290804,-0.833233,2.647858
2.242066,-0.391990,9.719397
-0.676200,-4.153547,5.074278
-0.670999,5.891377,3.805016
-1.759750,-6.546381,9.616791
2.489902,3.239638,6.918512
1.007261,-11.917379,10.852880
0.420029,12.771008,14.314134
-0.699432,-3.159426,1.431686
-0.966814,8.098933,14.895630
-1.103575,-1.440515,10.006050
-5.971373,5.236851,8.848927
6.766611,-1.210019,17.182859
-5.835324,0.887419,3.492839
7.104537,0.047497,18.123276
-1.898997,1.197731,5.007902
2.351518,-2.112675,11.250141
0.652173,-0.556233,8.432570
3.666296,-3.027137,9.189734
-0.014289,1.553522,11.580797
0.007196,-5.368939,2.211691
1.373986,-2.610912,6.802186
-3.553308,-4.549334,18.311981
-0.367410,-4.778500,2.076751
-1.782514,1.321650,10.665410
-2.437895,-8.157613,13.671865
-0.835343,4.895197,14.958628
-1.133173,-9.226650,1.912065
-1.682927,6.060126,19.844759
-0.857757,-5.147915,8.415476
-0.050781,-4.478343,4.528757
-1.449705,-2.359545,12.665883
9.261374,-1.265687,25.034725
-6.832845,-0.453471,6.225934
4.022834,-3.019407,18.550125
-1.246748,-0.454417,7.242364
2.089767,-3.229632,10.460912
0.046236,-1.365345,9.815159
3.998917,-1.853940,8.467261
0.053527,-2.890965,11.959342
-0.013044,-0.657288,2.545454
2.590136,0.337813,10.701141
-0.068023,-4.258071,1.836876
-1.550940,5.166963,9.845032
-0.475476,-6.186454,8.529552
-0.624229,3.791642,12.849722
0.499492,-13.572691,11.734047
-0.120009,5.800550,6.464170
-0.624523,-3.142508,11.179970
-1.927829,6.620550,14.569635
-2.430200,2.023686,10.262375
-6.882651,6.923600,10.253132
6.894588,2.681307,20.893198
-5.169076,3.303901,5.778563
5.209156,1.806307,19.776878
-0.707659,1.700839,5.412844
1.342816,0.979129,13.539961
0.101907,1.057055,8.393621
1.875059,-3.163652,7.304259
0.812824,3.015627,12.565093
-0.769799,-5.014584,1.367058
2.002529,-0.635484,10.599427
-0.921148,-4.459265,8.218565
-0.739226,-8.128016,2.837761
1.388001,0.965607,6.146499
0.955606,-10.315708,9.467594
-3.785460,8.885733,12.243179
-1.224511,-5.959956,1.537714
-3.609698,5.716327,13.496639
-0.991810,-3.256125,6.300958
-1.762570,1.223394,11.847799
-5.154618,-2.769130,9.298407
6.654745,-2.144351,18.307611
-4.817902,-1.967172,4.879125
4.274369,-4.036832,17.256516
0.066826,-0.462189,6.158275
1.498980,-4.401715,11.108489
-0.547176,-1.327655,10.170204
3.949079,-1.961844,6.515614
-0.532744,-1.557555,14.329965
0.008356,1.002614,1.477895
2.130180,0.140609,13.464893
0.123481,0.205494,5.384930
-0.595604,5.062084,6.630889
1.971890,0.488965,12.053279
-1.774872,9.460708,8.077420
-0.375490,-10.358282,8.223486
-0.241386,9.233213,0.297234
-2.170363,-6.793079,17.046177
0.047930,6.322386,6.062485
1.229533,-0.603083,8.543632
-3.610039,6.651758,9.596091
5.984394,1.821398,18.994955
-5.587373,3.764855,6.288712
5.139663,1.178321,18.314039
-1.296029,1.585165,5.302954
0.413083,1.286457,13.385063
0.318150,-0.297362,7.652124
3.017342,-1.863623,9.431521
-0.526537,0.775452,11.688987
-1.167590,-5.803342,2.071391
0.508804,-0.114524,10.756538
-0.298933,-3.862684,6.956066
-0.636553,-9.328166,4.304685
1.466205,0.944313,11.396782
-1.508574,-13.605448,7.644698
-1.657246,9.587471,14.760930
-0.868711,-8.783711,1.140242
-2.693515,6.526700,17.846884
-0.717434,-5.044976,6.306596
-1.963730,-1.090209,11.788339
-3.768093,-3.527271,10.559781
6.914461,-4.549790,20.653423
-4.808607,-1.254584,5.902202
4.972452,-5.526543,17.813925
-0.294739,0.601318,5.558556
0.243230,-3.254301,12.292581
-0.026910,-1.223634,9.108665
3.801882,-1.509790,6.226907
-0.677538,-3.344635,11.969934
-1.493658,-0.154776,1.699943
0.798126,1.260344,9.599058
-1.185602,-3.319287,2.709508
0.257519,6.765885,10.136794
-0.516093,-6.482368,8.098951
1.934684,7.768440,13.863534
-0.514198,-6.171326,6.123711
2.143959,11.328972,8.206018
-0.681574,-4.237112,4.950398
-0.611442,2.621290,10.437393
-0.979837,-1.633139,8.487153
-6.981319,5.062982,8.084988
7.976925,-0.029793,17.065596
-5.609289,1.099446,4.768406
4.264884,-0.835770,16.448742
-1.534072,0.791307,6.510365
1.557473,-1.198708,11.660234
0.151295,-0.265311,9.178399
4.843388,-1.024091,7.110391
-0.275927,2.424799,12.557156
-1.226655,-4.970575,0.562686
1.488793,1.234045,11.740204
-0.959810,-1.836511,5.142006
-0.434043,-8.763561,-0.207853
-1.683129,3.485023,16.278574
-0.503470,-18.692270,0.839112
-2.669537,10.171699,16.123331
-1.152160,-8.561965,1.683474
-4.025529,4.270131,14.408140
-0.468841,-3.731593,5.411277
-2.676304,-2.048716,10.298123
-5.411140,-2.134388,6.988040
5.950617,-1.953886,18.475256
-5.027170,-2.401888,5.774058
4.348504,-3.687902,18.151678
-0.388088,-1.093772,5.863848
0.739233,-3.383114,12.136409
0.052259,-1.429186,8.727874
3.105077,-0.796162,6.383453
-0.235269,-3.916199,12.825178
-0.278753,-3.183399,3.220696
2.154523,1.711159,7.852992
-1.083605,-4.622571,4.575858
-0.107304,4.344780,5.324808
-1.354329,-6.791704,13.873794
-0.070329,-2.301893,1.330946
-0.614223,-10.375991,14.397105
2.258659,12.083852,11.854289
0.378927,0.539571,4.695729
-1.557635,8.586238,11.584976
-1.968457,2.530973,9.588998
-4.763670,6.033343,8.975739
4.664086,1.660396,17.242861
-6.254875,2.961289,5.499399
5.995919,1.537011,17.774427
-0.747909,2.282140,6.280909
2.296043,0.917028,10.605405
-0.001781,-0.294639,10.626610
4.121215,-1.266369,7.447184
1.088080,-0.474120,12.276649
-2.252040,-4.517043,2.643028
0.401844,-1.470168,9.947206
-1.903686,-5.105814,14.349442
-0.571865,-4.170386,3.850096
1.299291,2.137797,5.013537
-1.953303,-8.755137,15.268778
-1.005598,8.679482,16.606922
-0.978385,-8.524644,2.782133
-2.260402,10.228545,22.008722
-1.280915,-2.143256,8.075595
-0.018984,-0.334266,4.530886
-3.888140,-1.929168,4.463948
7.331730,-1.104680,21.069149
-6.486707,1.147816,5.068460
2.494716,-5.364176,19.543985
-1.005823,1.602262,4.966094
1.703703,-2.699364,10.954823
0.063003,-2.112285,9.429324
4.636750,-0.336936,5.893827
-1.622002,-4.037659,13.471101
-0.805841,-2.679113,3.093760
0.600614,2.225493,8.928245
-0.796377,-3.052118,2.719404
1.129710,9.000004,11.158402
0.505678,-4.998507,6.788684
1.527046,6.179616,9.343507
-5.651235,-0.437952,3.417405
2.817499,11.059003,9.236067
-1.913018,-2.804133,1.230041
-2.477045,8.750431,16.909702
-0.105729,0.038186,8.515224
-5.692132,5.738109,7.644032
4.519842,1.697756,19.657536
-5.754977,1.946031,6.815068
6.548485,-0.244703,17.280626
-1.416470,0.654678,7.485389
2.391886,-1.196792,10.111195
0.451141,-0.122861,10.307091
1.477049,-1.081170,11.558684
0.885289,-0.308983,11.911930
-0.698069,-4.281780,-0.285298
-0.839453,0.020190,8.980742
-0.852457,-3.838272,7.225207
-0.750405,-8.234802,-0.083831
-4.737915,3.005211,11.761898
-1.868465,-16.387745,1.135555
-2.416970,10.369218,16.020926
-1.220900,-10.288717,1.183110
-3.845595,6.017395,16.195290
-0.921168,-4.835715,5.396336
-0.103820,-0.923971,4.258047
-5.858137,-3.350246,10.909821
5.583018,-4.038671,20.529686
-4.376622,1.306308,5.711851
4.241426,-4.943340,20.938494
-0.536743,1.176260,5.619919
0.181527,-2.874751,13.004202
-0.036823,-1.301273,8.450956
3.369978,-0.766696,6.400707
-1.235543,-3.731222,12.998346
-0.483617,-2.447604,2.946049
-0.163752,1.837706,9.409413
-0.386997,-3.506102,-2.036007
-0.776259,4.414900,9.559023
2.600375,-2.781958,9.640675
2.637121,5.022184,13.819474
-4.427194,-7.945473,4.656208
2.305276,6.231423,2.409086
-1.498948,-7.404768,4.879098
-1.893170,7.945949,13.960595
-1.802847,0.101326,10.882713
-5.675581,6.119501,9.869853
6.396142,0.658562,20.815754
-5.537801,1.174259,5.210997
5.750350,0.774591,18.689125
-1.473504,0.444008,7.162980
2.219777,-0.664675,10.614173
0.371744,0.009510,9.775147
5.063490,-0.959188,7.495328
0.995536,-0.451223,12.345429
-1.901368,-3.966886,1.145306
-1.076254,0.164026,9.182530
-0.851773,-3.994653,7.640707
-0.875012,-9.043452,0.450311
-2.461974,3.816001,12.635202
-1.431686,-18.718845,0.757999
-2.868320,10.154635,15.740966
-1.444554,-10.561501,1.403704
-3.770341,6.142595,15.955695
-0.879804,-4.320703,6.041003
-2.118603,2.622915,10.972358
-5.401917,-3.395813,10.209889
5.354086,-3.656851,18.478880
-3.970747,-1.067884,5.080369
4.683903,-4.049385,19.814175
-0.431553,0.207534,5.486444
0.812661,-3.215027,12.968716
0.000537,-1.630630,8.741546
3.626849,-0.649349,6.381427
-1.392046,-4.085414,13.332218
-0.654461,-2.342212,5.067400
1.468848,2.190921,8.653354
-0.797410,-3.184922,2.729695
0.329413,5.044452,6.953557
-2.072358,-4.276523,10.638608
-0.010405,-1.764070,1.566910
-2.807072,-9.072690,16.948000
2.011813,13.551293,10.859468
1.066587,-1.143749,3.250669
-0.551805,8.938829,12.459858
-1.981173,2.569502,12.977924
-5.878468,6.682844,9.334265
4.207804,2.509356,19.562025
-5.792297,3.593515,5.954291
6.425766,2.089700,18.679127
-1.262774,2.195844,5.841084
2.494852,1.418376,10.480811
0.226579,2.008252,9.339190
4.178477,0.601201,7.053654
-0.612606,-1.304803,14.427180
-2.156432,-3.316976,1.965739
0.418191,-1.117872,11.044514
-1.203386,-5.961786,9.871334
-1.783786,-4.541002,3.160665
2.185720,-0.615515,4.096354
-1.117511,-10.274105,10.496840
-2.597466,8.331068,14.729185
-1.271133,-8.514649,2.309613
-2.923085,6.801247,16.766117
-1.322432,-2.230405,7.571785
-2.479583,2.360074,9.630241
-5.163339,-3.438091,9.067630
4.851625,-1.982057,21.511784
-4.974638,-2.435321,6.304946
5.155805,-3.808123,19.489180
-1.260135,-0.247201,6.236651
1.676563,-2.586409,11.461454
0.377720,-1.422768,9.030503
4.750999,-0.791579,5.822766
-1.354497,-4.190283,14.233663
-1.099491,-2.778143,3.179306
1.551188,2.174241,12.460541
0.046091,2.961058,3.125310
-0.978273,4.400211,10.092316
2.122774,-1.830883,10.032613
1.857962,3.041468,14.434298
-3.753667,-5.253773,4.082380
-0.431500,5.562448,7.328610
-2.160728,-6.422644,9.447882
-1.903470,8.469134,16.936529
-0.986853,-0.508999,9.900944
-6.069871,4.207859,8.305347
5.707370,1.512509,20.655210
-4.044984,2.967864,5.020298
5.760750,0.948261,20.021431
-2.837728,0.611994,8.043880
1.848436,0.211960,10.540243
-0.282042,-0.097685,9.181976
5.344181,-1.351309,6.369057
-1.253428,-0.451063,14.610942
-1.262287,-3.858415,1.469203
1.114976,2.051907,12.334160
-3.071161,-0.687773,1.960733
-0.031966,-7.946109,0.328931
-2.689080,3.354774,15.049837
-1.439679,-17.194124,0.370798
-2.425417,10.092572,15.512599
-1.585229,-10.046224,1.041211
-3.420664,6.443440,15.343167
-0.936306,-3.930343,5.728111
-0.958016,-2.513201,11.439832
-5.130452,-1.572035,7.133752
5.792594,-1.554582,19.200132
-4.401024,-2.251976,5.199054
4.930083,-3.815211,20.464472
-0.431908,-0.597411,5.578909
0.923288,-3.255890,12.741440
0.047849,-1.595846,8.911010
4.208699,-0.748197,5.636619
-0.248165,-4.456281,12.417320
0.194790,-2.456063,-0.146612
0.031319,0.804969,9.778264
-1.348490,-3.656065,1.413566
0.392916,4.832961,6.292847
-2.319422,-4.340783,10.433195
4.855089,-1.054540,7.959940
-5.727806,-3.813612,5.833007
2.239625,11.620970,12.794925
0.035654,-1.943239,3.621235
-1.609061,7.398572,12.515025
-2.201756,2.013686,11.244867
-4.984202,6.058930,8.740600
3.346664,1.531795,17.361643
-6.112630,3.215866,6.346398
7.259622,1.787277,17.915077
-2.081338,0.654000,8.366834
2.678144,-1.202345,9.985531
0.140311,0.320600,10.363112
5.160457,-1.196858,7.438199
1.056019,-0.969195,12.218625
-2.240569,-3.781654,1.286325
0.615752,-0.757267,10.097700
-1.817951,-9.886458,19.255095
0.674914,-2.788911,2.340171
-1.901412,1.104752,9.793500
-2.786937,-7.031296,17.222712
-0.418778,6.084724,15.220628
-1.368766,-7.914567,3.890307
-1.266463,6.091772,15.552099
-0.829174,-2.032459,8.456625
0.466177,-1.097602,4.084244
-1.204110,-0.047510,9.838704
10.002632,-2.429264,23.778475
-5.181304,-0.033687,4.653501
2.453029,-5.796957,19.967402
-2.201004,0.488705,6.566192
1.602048,-2.212093,11.259354
-0.037120,-1.356388,9.236805
4.694675,-0.951442,6.517536
-0.234999,-3.416749,12.751766
-0.422588,-1.833737,2.823561
0.294446,1.614628,9.118280
-1.016503,-3.585057,2.116260
0.530417,7.124971,9.240461
-0.877547,-6.445027,5.700669
1.913477,2.758838,10.476764
-4.089951,-7.846302,6.917305
1.993345,6.293187,7.414048
-2.500551,-4.356980,3.027416
-1.768597,6.632962,14.966858
-2.756076,0.626038,10.524112
-5.274998,5.818046,8.807947
4.173945,1.170080,19.239882
-6.200204,1.036631,6.733196
6.069485,0.376511,18.563040
-2.024047,0.775662,7.333976
2.586844,-0.935980,10.451468
0.327197,-0.175510,9.858317
3.178911,-1.200543,9.237970
0.953827,-0.732685,12.362008
-2.355039,-3.656948,1.058260
-0.164380,-0.230816,8.459417
-1.944416,-5.341849,14.748217
-0.524708,-3.111343,2.565503
-2.316995,1.096907,16.017565
-3.691154,-15.085322,4.059753
-1.095587,12.281998,14.779303
-1.248129,-9.470254,2.420714
-3.884477,6.517424,14.030412
-1.184888,-2.975718,5.874289
0.208154,-2.179103,4.576620
-1.077505,-2.726717,12.848293
8.001450,-1.722871,22.176737
-5.356418,0.749531,4.319301
3.853194,-6.037121,21.366980
-1.063001,0.545370,6.522992
1.350191,-2.434151,12.179367
-0.314266,-1.997045,9.034158
4.242183,-0.417565,6.670451
2.811310,-1.550048,5.743888
0.943508,-1.043413,-1.122393
1.050625,1.411800,9.932312
-1.375339,-3.522301,1.623669
0.373104,4.829890,5.778903
-1.969780,-4.778672,11.696577
3.632544,0.335767,5.604971
-6.206087,-2.018041,6.545654
3.214870,11.962740,14.198603
-1.058946,-3.130655,1.216055
-1.590069,7.885178,12.247224
-1.719782,2.056255,11.457515
-5.617884,7.114613,9.372820
5.441410,2.544036,19.399286
-6.529214,3.551607,6.370195
5.229123,2.294250,19.506390
-2.624354,1.218656,8.246031
2.266863,0.333518,11.454035
0.402122,-0.229622,9.419419
5.166815,-1.020236,7.432241
0.207106,-1.253852,13.233956
-1.615783,-3.344007,0.372922
0.425605,-0.820038,9.478952
-1.513294,-5.599038,12.275689
-0.955322,-4.199190,2.565494
0.916626,3.925961,11.855066
-3.153600,-14.962122,2.858772
-1.074348,12.955915,16.286648
-1.618369,-9.567238,1.610496
-3.591840,6.789856,15.758386
-1.272174,-2.827945,6.332000
-0.107400,-2.710715,4.250381
-0.959305,-1.179824,7.155361
7.984331,-1.728387,22.490080
-6.827000,1.610045,5.357080
3.208020,-6.373090,20.407804
-0.944218,0.718940,5.062190
1.392073,-2.688379,11.861179
-0.059334,-1.368838,8.782432
4.150126,-1.332477,6.915311
-0.038962,-3.357390,11.283413
-0.373433,-1.556795,2.698656
1.279766,1.978738,9.411040
-1.120178,-3.271021,3.282772
0.359970,5.687462,5.109618
-2.523481,-4.840415,11.132286
-0.212154,-1.078320,1.368973
-1.893224,-10.559187,16.997395
0.924163,8.207259,0.379031
0.616329,-3.786511,7.967401
-1.024677,10.649590,15.370594
-2.274433,1.517545,13.040522
-5.476109,5.372142,8.844049
4.636781,2.895614,19.694391
-6.190683,3.006957,5.483364
7.371948,2.506834,18.548965
-1.501213,2.005003,5.971689
2.854898,1.753942,10.484186
0.603408,2.132167,9.290449
4.578621,1.261056,7.576614
-0.851287,2.080237,13.328030
-0.879878,-0.641693,-0.164138
1.051743,1.666103,8.568110
-0.347433,-0.479211,0.657009
-0.697537,-4.499827,5.108099
-2.113726,1.577009,11.178900
0.762801,-17.982889,7.532981
1.307166,0.494839,6.370050
0.333723,-15.921429,14.908355
-1.373981,1.628915,4.222465
-3.002644,-8.844538,17.232018
-2.056781,0.806190,10.238553
-6.658589,-1.613835,9.080555
8.168186,-1.932545,17.562008
-4.789874,-0.483412,4.961736
5.323164,-2.630866,19.764977
-1.490041,-0.154107,7.939375
1.994976,0.137160,12.076406
-0.275142,0.054074,8.918566
4.126567,1.846531,6.776917
0.041332,-0.900149,14.208169
-1.296074,0.935722,5.726258
1.883940,2.741351,9.097800
2.038186,2.202860,3.808381
-0.616613,5.966090,6.977525
-2.155895,-6.695566,8.433907
0.658779,-0.500991,4.376049
-1.327321,-9.333989,18.159058
0.737373,5.741947,3.713394
-3.840986,-5.636533,16.444973
1.587538,2.581395,10.930912
-2.806434,2.592313,10.341287
-4.611178,2.790888,7.105390
6.523790,0.545756,20.576738
-5.138242,2.012204,3.932153
5.638476,1.346268,18.665468
-1.117664,2.286334,5.436439
2.452300,1.498472,10.508334
0.012583,2.030562,9.226108
1.278604,0.603778,10.854146
0.039815,2.556726,13.921913
-1.035569,-1.295573,1.209069
1.324796,1.972654,9.024450
-1.032736,0.425514,1.158206
-0.729232,-4.714067,5.670115
-2.035397,4.343881,11.801294
-1.626359,-8.954537,3.638542
-0.391686,6.528527,15.125421
-1.063332,-9.983525,2.082059
-2.908335,4.383703,11.258870
-2.787146,-9.643858,11.317860
-0.754755,-1.593296,12.539376
-7.344940,-4.230544,7.799859
6.161210,-3.405574,21.028362
-4.497589,-2.381736,4.881910
4.474507,-5.381608,21.186152
-0.559311,0.701416,5.334114
1.763513,-2.513416,11.524238
-0.144318,-1.820590,8.906750
4.782725,-1.703779,5.945069
-0.311219,-4.082959,10.812099
-0.045314,-2.108413,0.841823
2.211460,1.896109,8.181107
-1.520920,-3.615496,4.657771
0.297311,4.187482,5.792569
-2.084565,-4.943467,11.267473
-0.477736,1.187648,0.842979
-4.543406,-5.005145,13.040385
-0.334612,1.447089,3.607843
-1.863753,1.878007,10.817098
-0.482570,1.159588,11.001493
0.526869,-1.337916,4.611856
-1.390630,2.923863,2.720746
4.149663,2.688145,9.296426
-5.256011,-1.991033,3.942273
3.319837,3.623906,5.826652
0.001091,-6.002759,5.700984
-0.656185,0.981746,6.498132
-0.511022,-2.664875,2.117741
-3.795342,-8.805814,14.338410
0.329708,3.526346,-0.766003
0.943343,-6.368063,-3.014186
0.471053,0.212547,-0.415821
12.226075,-142.776108,-35.658123
-1.022128,0.926617,-1.793625
3.250412,-21.101421,-4.218330
8.807951,-96.756012,16.141663
-0.011062,27.066399,-3.672890
0.284791,-14.413131,-0.128898
0.078058,-4.310107,-2.765222
-1.332235,-12.357649,2.381776
1.241022,-9.807238,0.812955
-3.830716,-14.964990,2.028026
1.775983,-13.478148,10.109969
-1.453645,-12.773916,1.989741
3.754057,-8.532537,7.885141
1.112525,-11.526905,-1.980893
-0.185238,-8.939367,0.188666
-0.365610,-9.416505,-0.326984
-0.005939,-8.792402,-5.546737
1.190711,-7.811911,2.801127
0.344700,-11.397713,-9.501005
0.028771,-4.997194,1.343744
0.201327,-12.260575,-3.757151
-0.053603,0.462599,-3.289537
-1.809203,-10.463455,6.489851
-0.063591,-8.133383,0.087618
-1.096363,-11.783726,8.700023
-0.998422,-3.935144,-8.867723
-0.267012,-10.845190,7.724806
1.381452,-11.609314,-3.053997
2.203226,-11.486946,8.333034
-2.394994,-9.830059,-3.573250
2.840526,-8.024583,9.601555
-1.833094,-9.696979,-3.910294
2.029562,-8.279621,8.234582
0.370464,-9.144954,-1.964835
-1.018322,-9.892383,1.517707
0.720160,-8.640413,-0.394334
1.890321,-11.380703,-0.887930
0.853513,-8.050964,-1.447910
-0.591287,-12.246224,-6.889836
-0.713922,-9.292387,3.244657
-0.835976,-7.949157,-7.490548
-1.049357,-12.085471,3.546597
-0.774959,-10.112067,-6.453789
0.747975,-29.841354,14.523562
-0.517375,-0.190343,-5.583077
-0.902706,-14.986380,6.519366
0.677379,-6.785008,-3.840709
0.264792,-13.663717,6.423578
3.246437,-10.859520,-0.435997
-2.493553,-10.121693,-0.039157
4.420653,-9.242710,8.970778
-2.696774,-13.033132,-3.000266
3.269596,-7.833097,7.392851
-0.903135,-12.445998,-2.524036
-0.958926,-10.857289,0.467529
-0.096162,-8.732355,0.273225
-0.014171,-8.334261,-2.667370
1.139433,-6.612946,2.580028
-0.472893,-7.672907,-7.091908
0.360499,-4.505472,-1.448756
-0.589736,-10.543147,-5.372674
0.120285,-2.596737,-4.654525
-0.969734,-11.599384,7.477441
-0.211189,-11.021733,1.714948
-0.392970,-12.763565,7.801537
-1.277246,-3.698836,-7.361542
0.669070,-12.641678,8.025287
-0.218020,-7.947076,-2.670731
0.072813,-10.441574,9.849524
-2.198559,-9.460660,-1.796068
3.075796,-7.557175,9.612231
-1.701806,-9.338616,-3.431293
2.930394,-8.995206,7.405042
0.033599,-9.389112,-1.493622
-0.712763,-9.607545,1.594227
1.027825,-8.450343,-0.330357
1.476193,-11.815044,-0.470870
2.589418,-7.290946,-1.526400
0.728414,-12.058196,-5.999466
-0.393962,-8.703654,2.357965
-1.507696,-12.451729,-8.274775
-1.004263,-11.512312,4.504100
-0.212570,-17.909470,-5.947919
0.119816,-33.192532,12.695392
-0.260608,2.048172,-7.492871
-1.446322,-14.653060,5.502715
0.178694,-11.019152,-9.735041
0.335970,-11.990306,5.012223
2.724803,-11.090969,-1.152722
-1.594197,-11.379191,-1.138507
4.005531,-10.472273,8.332082
-2.918419,-13.557543,-2.471169
2.459136,-8.605884,8.033377
-0.396897,-12.632874,-3.483180
-0.978663,-9.584842,0.009775
0.296623,-9.623382,0.041381
-0.139974,-8.828199,-4.142460
1.430054,-7.735468,2.862768
-0.933008,-8.644634,-6.520474
-0.142585,-5.349986,-0.051042
-0.342514,-7.230674,-4.421697
0.119371,-5.238636,-4.953970
-1.482764,-10.962845,6.269719
0.475716,-13.901765,3.462270
-0.936995,-12.960120,6.575694
-1.163251,-4.195596,-4.897430
0.963776,-11.554531,8.000847
-0.416904,-7.988670,-4.393100
0.539453,-11.040326,9.340665
-1.729787,-9.808102,-1.581368
2.482434,-7.960363,10.843395
-1.819082,-9.005556,-4.935414
1.936524,-10.552629,4.616103
-1.206908,-10.220467,-2.420164
-0.389183,-9.574208,1.223456
-0.409391,-8.344985,-0.998352
1.567854,-12.511642,0.001697
1.224897,-7.713809,-0.848148
-0.119503,-12.581861,-7.497453
-0.337134,-9.275440,2.808492
-0.911202,-9.347966,-5.685520
-0.230639,-8.977781,5.847110
-0.556051,-9.577548,-6.467017
-0.414549,-35.500885,10.771047
-0.176580,0.739638,-5.519626
-1.818717,-17.042227,6.282626
1.034067,-19.030169,-9.007968
0.089314,-11.894520,5.795465
3.502865,-10.711191,-0.811185
-2.045314,-10.815970,-0.742709
4.817809,-9.736596,9.076631
-2.908532,-12.911940,-3.153637
3.040502,-8.488420,7.364544
-0.198377,-11.627794,-3.481049
-1.312076,-9.833931,-0.358842
-0.141897,-9.148779,0.370594
0.418847,-8.854764,-3.275100
1.643581,-7.326194,2.612263
-1.181322,-8.398278,-6.422034
0.118631,-5.237844,0.674859
0.348030,-6.925951,-4.937575
0.129586,-5.403780,-4.933077
-0.942031,-9.755208,6.274689
0.172717,-10.041368,0.671348
-0.628672,-9.402223,7.282722
-1.176992,-4.022045,-7.006732
0.814138,-12.464384,7.990660
1.337492,-9.331503,-2.978961
0.557562,-9.333700,7.327200
-1.972974,-9.594003,-2.301979
2.520983,-7.896669,10.390699
-1.044303,-9.883344,-3.449546
2.469412,-9.361197,6.969303
0.170450,-9.701258,-1.506360
-0.625206,-9.861377,1.812208
0.904800,-8.287664,-0.447597
2.630719,-10.402183,-0.951955
1.530810,-7.783132,-1.279110
0.231300,-11.378855,-8.567114
-1.389826,-9.745907,1.829864
-1.598584,-8.724295,-7.023344
-0.983266,-11.733805,4.783824
-0.581582,-10.505620,-3.762407
0.334051,-42.506496,11.994852
-0.286075,-2.980120,-6.189233
-0.735045,-15.426723,6.320953
1.317881,-23.799816,-12.233417
0.312824,-12.799403,5.326292
3.168747,-11.158212,0.577952
-1.951577,-12.213937,-0.189404
4.136336,-9.261067,8.655955
-2.614166,-7.937696,0.074769
3.176431,-7.300818,8.565774
0.025176,-12.490598,-3.981409
-1.126100,-9.581468,-0.822899
0.172082,-9.372869,-0.313138
0.818468,-8.290455,-5.029785
1.720780,-7.407435,2.458633
-0.600819,-7.737327,-9.225926
-0.040815,-4.068022,0.713340
-0.365971,-10.088047,-5.228141
0.256696,-4.090819,-3.287616
-1.404955,-12.503567,6.540653
-0.288774,-9.065851,0.465051
-0.410726,-13.654309,6.526591
-1.338101,-1.957058,-7.356768
0.512680,-12.727405,7.703076
-0.708207,-6.967813,-4.573010
0.598438,-9.195039,9.890668
-2.400912,-9.335171,-2.761154
3.063037,-8.276182,9.762630
-0.987039,-10.042740,-3.964288
2.487462,-10.109842,6.417740
-0.215030,-9.186782,-1.858090
-0.646238,-10.416186,1.583837
0.444791,-8.427838,-0.637171
1.106088,-11.944703,-0.696474
1.298240,-6.891806,-2.100258
-0.058505,-12.632321,-6.762441
-0.120767,-8.908861,3.091489
-1.436966,-14.729061,-7.557590
-0.483733,-12.179235,2.632390
-2.023820,-12.712215,-6.067869
0.308576,-31.784044,13.966113
-1.027528,2.717102,-6.998165
-1.170600,-14.777248,6.202733
2.439312,-15.605833,-10.913409
-0.112793,-12.337498,5.748276
2.704986,-9.745329,-1.319320
-1.814583,-10.932750,-0.761368
4.461742,-9.710903,7.432769
-2.587658,-12.890838,-1.781677
3.748666,-7.541309,8.428686
0.261929,-11.823017,-2.813624
-0.671495,-9.963623,-0.203310
-0.092366,-9.184839,0.206968
0.044414,-10.175613,-3.509809
1.298920,-7.750613,3.043533
-1.148934,-9.180779,-6.868613
-0.305891,-4.762914,0.955236
0.705762,-10.144670,-5.539083
0.045556,-0.652200,-3.090626
-1.194750,-10.365105,6.639031
0.265116,-11.841098,1.596228
-0.727691,-12.700168,7.089543
-1.758026,-5.273302,-7.482459
0.813106,-11.568568,8.692227
-0.692943,-8.424585,-4.479978
-0.298043,-9.972034,9.511873
-2.073629,-9.510607,-2.584014
3.740850,-7.370594,9.952583
-1.413952,-10.928967,-4.195748
2.586089,-10.122195,6.804828
-0.175189,-10.090583,-1.848755
-0.440065,-10.036838,1.807490
-0.145228,-8.929552,-0.500764
2.143920,-11.137564,-0.924110
1.334449,-8.001497,-1.187587
-0.505897,-11.757217,-7.369684
0.096559,-9.415818,3.487327
-1.833104,-9.826668,-5.831352
-0.917155,-11.345058,5.027977
-0.620828,-9.615360,-6.706245
0.035020,-32.916519,15.220536
-0.608125,1.153517,-6.807539
-1.047188,-13.973235,5.181636
2.373004,-10.812467,-2.995970
0.713365,-13.558369,5.695217
1.967361,-13.047770,1.070699
-2.730103,-12.177043,-1.312837
3.889347,-9.958382,9.439608
-3.051448,-13.178188,-3.077097
2.803939,-7.454285,8.097656
0.588806,-13.061375,-3.058389
-0.935404,-8.203181,0.445426
-0.217277,-8.259959,-0.089432
-3.034630,-10.693167,-0.807098
0.946381,-6.860714,2.830878
-0.634891,-6.518207,-7.218861
0.178949,-5.462006,-0.477666
-0.576895,-4.795034,-4.437268
0.285995,-5.773288,-5.153428
-1.544727,-9.791281,6.696967
-0.200201,-12.071526,2.119773
-0.908205,-9.893060,7.373973
-1.073424,-4.264349,-6.013043
0.246915,-11.195267,7.377144
-0.897259,-6.305497,-4.888494
1.569762,-11.696839,9.989767
-2.093914,-8.988923,-0.133937
2.489424,-8.129014,9.749802
-2.123078,-9.714162,-5.088006
2.237022,-9.685541,6.346324
-1.018063,-9.753214,-1.828751
-0.546009,-9.801961,1.572715
0.183597,-8.181479,-0.636040
0.455792,-11.597491,-0.278182
1.877179,-6.962370,-1.853332
-0.324360,-12.327645,-6.384550
0.775841,-8.817159,2.926115
-1.178378,-13.009047,-7.379141
-0.202501,-11.453223,4.839752
-1.237482,-18.231474,-6.037515
-0.726583,-39.465759,9.873524
-0.058948,2.454018,-7.445484
-1.286979,-12.671087,4.294364
0.949672,-6.810000,-6.865389
-0.418067,-11.400345,5.156325
1.522935,-12.936345,0.705842
-1.695978,-13.317981,0.052081
4.888107,-9.998729,7.855293
-2.530162,-13.041224,-2.005541
3.610344,-7.361431,8.841105
-0.261676,-12.806268,-2.986013
-1.355860,-9.494255,-0.236007
-0.205352,-10.450398,-0.393311
-0.449582,-10.311859,-3.950396
0.994080,-7.931607,2.912084
-0.650894,-7.497612,-6.917116
0.498994,-4.294425,0.163255
0.679516,-13.372459,-5.884469
0.025371,-1.312669,-2.861746
-0.649333,-9.065189,6.884878
0.120500,-12.198944,2.646955
-1.640072,-8.950810,6.376100
-1.032942,-4.243114,-6.025803
-0.170011,-11.126216,7.564590
-0.381764,-8.484149,-4.923418
-0.159759,-10.573538,9.528411
-2.083429,-9.338038,-0.541548
4.361710,-7.149317,10.626798
-1.688651,-10.079151,-4.117822
2.270963,-10.786388,5.728165
-0.138612,-10.009780,-2.158145
-0.691471,-9.714141,1.671131
1.116249,-8.552277,-0.576508
2.195189,-11.493794,-0.718612
1.294387,-6.690590,-1.938464
-0.676051,-12.849050,-6.012588
0.130778,-7.847335,1.828062
-1.518899,-15.586773,-7.287436
-1.874519,-12.315293,3.430587
-0.844503,-13.628664,-4.884521
0.471065,-35.656128,13.356535
-0.384602,2.540433,-7.942684
-0.909564,-14.080157,6.297841
0.770974,-23.172970,-13.082986
0.188302,-13.242994,4.867155
2.090102,-11.989169,1.429618
-2.041471,-11.562232,-1.220117
4.769333,-10.934012,7.975650
-1.272842,-12.436175,-1.884850
3.535524,-7.373343,7.832639
-0.395420,-10.143133,-3.035474
-1.736030,-7.558695,-0.490407
-0.180390,-10.367882,-0.671290
0.317013,-8.393991,-1.819201
0.726927,-7.588131,2.588310
-0.953769,-9.736227,-6.543065
0.467306,-2.979677,0.354050
0.738596,-6.224856,-5.466413
0.293952,-3.983608,-3.326006
-1.101164,-9.217885,6.163431
-0.146536,-9.921689,1.711509
-0.612171,-14.271014,7.393302
-1.241389,-4.724605,-6.914596
-0.123541,-12.107928,7.873331
-0.678545,-8.679515,-4.421471
-0.478281,-9.378229,10.035448
-2.154870,-9.086245,-2.492181
3.149498,-8.603771,9.968563
-0.653044,-10.055194,-3.486917
2.651770,-10.003581,6.132318
0.057618,-10.239215,-2.467917
-0.703016,-9.436473,1.778499
1.052344,-8.705063,-0.181860
1.574570,-11.920739,-0.279191
2.056487,-6.228768,-1.746139
-0.412553,-12.365427,-6.369090
-0.333311,-8.717607,2.701407
-1.089463,-13.212296,-7.439387
-0.950538,-10.936043,5.171071
-1.219199,-9.505315,-3.729364
-0.073810,-42.482983,10.327566
0.392935,0.865477,-7.421159
-1.751268,-13.230604,5.394323
0.267763,-13.095241,-12.171469
-0.551103,-12.271961,3.847732
2.606224,-11.304904,0.319156
-1.840705,-12.835509,-1.768261
4.413080,-9.825076,8.863436
-1.848516,-13.186734,-1.573607
3.305140,-7.168766,8.514424
-0.544654,-12.881291,-3.601928
-1.159537,-8.411813,0.184696
-0.068778,-8.933208,-0.546384
0.000118,-9.213596,-3.700574
1.407821,-7.263236,3.157536
0.061946,-7.482856,-7.085092
-0.185351,-3.683259,0.188804
-0.776582,-7.364941,-3.226848
-0.013065,-5.963723,-4.911882
-2.022985,-9.344891,5.732009
0.174267,-17.130890,3.752518
-0.821311,-11.976308,6.584525
-1.221713,-6.084591,-4.249017
-0.055021,-9.703289,7.103476
-0.499748,-7.183088,-5.226921
1.464303,-10.023114,8.238404
-1.350119,-9.734509,-1.168553
3.419967,-9.228148,11.167877
-1.592342,-10.821254,-3.922959
2.479684,-9.934910,5.981072
-0.158718,-9.577548,-1.955636
-0.620893,-9.874875,2.225092
-0.092308,-8.842132,-0.694972
2.167083,-11.242635,-1.969343
1.669721,-7.073720,-1.226536
-0.604491,-13.164508,-6.382990
-0.175940,-9.534232,3.273712
1.229893,-12.807194,-7.955149
-0.297306,-9.774336,4.121150
-1.451773,-7.559074,-3.595770
0.040799,-40.833908,13.719022
-0.029334,1.804164,-7.438846
-1.586027,-13.685067,4.605516
0.850839,-21.125931,-10.808327
0.850083,-13.100088,4.899206
2.353067,-11.766934,1.386685
-2.692287,-13.328419,-1.262462
4.164787,-9.364762,8.051287
-2.974928,-12.961318,-2.396465
2.103114,-6.875457,6.763605
-1.145427,-12.555127,-2.628251
-0.412277,-8.053078,0.420480
0.066772,-8.567270,0.385443
-0.173364,-9.217985,-2.147596
1.087191,-6.895108,3.530322
-1.224146,-8.529202,-5.958559
0.830833,-5.307761,0.543189
-0.740828,-9.174146,-4.458050
-0.061700,-0.282187,-3.133561
-0.836667,-10.621924,6.803861
0.239079,-11.336052,3.309204
0.670798,-9.927520,7.011594
-0.018741,-5.680377,-6.567366
0.439399,-11.196299,8.710038
-0.213290,-8.589119,-4.148069
1.963739,-11.528473,11.042227
-0.302219,-8.954836,-0.444400
4.644408,-5.965983,11.484570
0.009256,-10.402426,-3.952973
0.938229,-7.597170,7.737974
0.014795,-9.257103,-0.910497
0.523977,-9.698656,1.794408
0.153895,-9.259088,-0.068854
-0.962744,-10.499504,-0.970349
0.420561,-6.759602,-0.928107
-1.252693,-14.107191,-6.922964
0.106058,-8.395632,2.781964
0.073312,-11.674850,-6.310193
-0.291818,-11.703043,4.544207
-0.755587,-9.394457,-3.625354
-0.113937,-45.170536,11.291097
